{
   "creator": "Yosys 0.62 (git sha1 7326bb7d6641500ecb285c291a54a662cb1e76cf, clang++ 21.1.2 -fPIC -O3)",
   "invocation": "stat -json -liberty /home/auc/si-sprint26-project-nanonpu/Backend/openlane/runs/synexp/tmp/daf3e043a72748c7b23d099fbfd42d75.lib ",
   "modules": {
      "\\npu_project_macro": {
         "num_wires":         60721,
         "num_wire_bits":     60937,
         "num_pub_wires":     8349,
         "num_pub_wire_bits": 8565,
         "num_ports":         15,
         "num_port_bits":     231,
         "num_memories":      0,
         "num_memory_bits":   0,
         "num_processes":     0,
         "num_cells":         60896,
         "num_submodules":       0,
         "area":              716647.321600,
         "sequential_area":    182952.966400,
         "num_cells_by_type": {
            "sky130_fd_sc_hd__a2111o_2": 36,
            "sky130_fd_sc_hd__a2111oi_2": 2,
            "sky130_fd_sc_hd__a211o_2": 1137,
            "sky130_fd_sc_hd__a211oi_2": 880,
            "sky130_fd_sc_hd__a21bo_2": 532,
            "sky130_fd_sc_hd__a21boi_2": 127,
            "sky130_fd_sc_hd__a21o_2": 2202,
            "sky130_fd_sc_hd__a21oi_2": 1676,
            "sky130_fd_sc_hd__a221o_2": 1540,
            "sky130_fd_sc_hd__a221oi_2": 2,
            "sky130_fd_sc_hd__a22o_2": 2900,
            "sky130_fd_sc_hd__a22oi_2": 795,
            "sky130_fd_sc_hd__a2bb2o_2": 194,
            "sky130_fd_sc_hd__a2bb2oi_2": 16,
            "sky130_fd_sc_hd__a311o_2": 99,
            "sky130_fd_sc_hd__a311oi_2": 1,
            "sky130_fd_sc_hd__a31o_2": 674,
            "sky130_fd_sc_hd__a31oi_2": 108,
            "sky130_fd_sc_hd__a32o_2": 84,
            "sky130_fd_sc_hd__a32oi_2": 6,
            "sky130_fd_sc_hd__a41o_2": 13,
            "sky130_fd_sc_hd__and2_2": 1524,
            "sky130_fd_sc_hd__and2b_2": 1093,
            "sky130_fd_sc_hd__and3_2": 1387,
            "sky130_fd_sc_hd__and3b_2": 66,
            "sky130_fd_sc_hd__and4_2": 1228,
            "sky130_fd_sc_hd__and4b_2": 144,
            "sky130_fd_sc_hd__and4bb_2": 45,
            "sky130_fd_sc_hd__buf_2": 4,
            "sky130_fd_sc_hd__conb_1": 186,
            "sky130_fd_sc_hd__dfrtp_2": 1480,
            "sky130_fd_sc_hd__dfstp_2": 13,
            "sky130_fd_sc_hd__dfxtp_2": 6757,
            "sky130_fd_sc_hd__inv_2": 709,
            "sky130_fd_sc_hd__mux2_1": 8903,
            "sky130_fd_sc_hd__mux4_2": 828,
            "sky130_fd_sc_hd__nand2_2": 3246,
            "sky130_fd_sc_hd__nand2b_2": 874,
            "sky130_fd_sc_hd__nand3_2": 1400,
            "sky130_fd_sc_hd__nand3b_2": 64,
            "sky130_fd_sc_hd__nand4_2": 494,
            "sky130_fd_sc_hd__nand4b_2": 4,
            "sky130_fd_sc_hd__nor2_2": 2585,
            "sky130_fd_sc_hd__nor3_2": 516,
            "sky130_fd_sc_hd__nor3b_2": 26,
            "sky130_fd_sc_hd__nor4_2": 166,
            "sky130_fd_sc_hd__nor4b_2": 53,
            "sky130_fd_sc_hd__o2111a_2": 8,
            "sky130_fd_sc_hd__o2111ai_2": 2,
            "sky130_fd_sc_hd__o211a_2": 1527,
            "sky130_fd_sc_hd__o211ai_2": 646,
            "sky130_fd_sc_hd__o21a_2": 1042,
            "sky130_fd_sc_hd__o21ai_2": 963,
            "sky130_fd_sc_hd__o21ba_2": 343,
            "sky130_fd_sc_hd__o21bai_2": 178,
            "sky130_fd_sc_hd__o221a_2": 373,
            "sky130_fd_sc_hd__o22a_2": 198,
            "sky130_fd_sc_hd__o22ai_2": 79,
            "sky130_fd_sc_hd__o2bb2a_2": 232,
            "sky130_fd_sc_hd__o311a_2": 121,
            "sky130_fd_sc_hd__o311ai_2": 2,
            "sky130_fd_sc_hd__o31a_2": 100,
            "sky130_fd_sc_hd__o31ai_2": 5,
            "sky130_fd_sc_hd__o32a_2": 30,
            "sky130_fd_sc_hd__o32ai_2": 4,
            "sky130_fd_sc_hd__o41a_2": 11,
            "sky130_fd_sc_hd__or2_2": 2214,
            "sky130_fd_sc_hd__or3_2": 883,
            "sky130_fd_sc_hd__or3b_2": 122,
            "sky130_fd_sc_hd__or4_2": 218,
            "sky130_fd_sc_hd__or4b_2": 131,
            "sky130_fd_sc_hd__or4bb_2": 43,
            "sky130_fd_sc_hd__xnor2_2": 3660,
            "sky130_fd_sc_hd__xor2_2": 942
         }
      }
   },
      "design": {
         "num_wires":         60721,
         "num_wire_bits":     60937,
         "num_pub_wires":     8349,
         "num_pub_wire_bits": 8565,
         "num_ports":         15,
         "num_port_bits":     231,
         "num_memories":      0,
         "num_memory_bits":   0,
         "num_processes":     0,
         "num_cells":         60896,
         "num_submodules":       0,
         "area":              716647.321600,
         "sequential_area":    182952.966400,
         "num_cells_by_type": {
            "sky130_fd_sc_hd__a2111o_2": 36,
            "sky130_fd_sc_hd__a2111oi_2": 2,
            "sky130_fd_sc_hd__a211o_2": 1137,
            "sky130_fd_sc_hd__a211oi_2": 880,
            "sky130_fd_sc_hd__a21bo_2": 532,
            "sky130_fd_sc_hd__a21boi_2": 127,
            "sky130_fd_sc_hd__a21o_2": 2202,
            "sky130_fd_sc_hd__a21oi_2": 1676,
            "sky130_fd_sc_hd__a221o_2": 1540,
            "sky130_fd_sc_hd__a221oi_2": 2,
            "sky130_fd_sc_hd__a22o_2": 2900,
            "sky130_fd_sc_hd__a22oi_2": 795,
            "sky130_fd_sc_hd__a2bb2o_2": 194,
            "sky130_fd_sc_hd__a2bb2oi_2": 16,
            "sky130_fd_sc_hd__a311o_2": 99,
            "sky130_fd_sc_hd__a311oi_2": 1,
            "sky130_fd_sc_hd__a31o_2": 674,
            "sky130_fd_sc_hd__a31oi_2": 108,
            "sky130_fd_sc_hd__a32o_2": 84,
            "sky130_fd_sc_hd__a32oi_2": 6,
            "sky130_fd_sc_hd__a41o_2": 13,
            "sky130_fd_sc_hd__and2_2": 1524,
            "sky130_fd_sc_hd__and2b_2": 1093,
            "sky130_fd_sc_hd__and3_2": 1387,
            "sky130_fd_sc_hd__and3b_2": 66,
            "sky130_fd_sc_hd__and4_2": 1228,
            "sky130_fd_sc_hd__and4b_2": 144,
            "sky130_fd_sc_hd__and4bb_2": 45,
            "sky130_fd_sc_hd__buf_2": 4,
            "sky130_fd_sc_hd__conb_1": 186,
            "sky130_fd_sc_hd__dfrtp_2": 1480,
            "sky130_fd_sc_hd__dfstp_2": 13,
            "sky130_fd_sc_hd__dfxtp_2": 6757,
            "sky130_fd_sc_hd__inv_2": 709,
            "sky130_fd_sc_hd__mux2_1": 8903,
            "sky130_fd_sc_hd__mux4_2": 828,
            "sky130_fd_sc_hd__nand2_2": 3246,
            "sky130_fd_sc_hd__nand2b_2": 874,
            "sky130_fd_sc_hd__nand3_2": 1400,
            "sky130_fd_sc_hd__nand3b_2": 64,
            "sky130_fd_sc_hd__nand4_2": 494,
            "sky130_fd_sc_hd__nand4b_2": 4,
            "sky130_fd_sc_hd__nor2_2": 2585,
            "sky130_fd_sc_hd__nor3_2": 516,
            "sky130_fd_sc_hd__nor3b_2": 26,
            "sky130_fd_sc_hd__nor4_2": 166,
            "sky130_fd_sc_hd__nor4b_2": 53,
            "sky130_fd_sc_hd__o2111a_2": 8,
            "sky130_fd_sc_hd__o2111ai_2": 2,
            "sky130_fd_sc_hd__o211a_2": 1527,
            "sky130_fd_sc_hd__o211ai_2": 646,
            "sky130_fd_sc_hd__o21a_2": 1042,
            "sky130_fd_sc_hd__o21ai_2": 963,
            "sky130_fd_sc_hd__o21ba_2": 343,
            "sky130_fd_sc_hd__o21bai_2": 178,
            "sky130_fd_sc_hd__o221a_2": 373,
            "sky130_fd_sc_hd__o22a_2": 198,
            "sky130_fd_sc_hd__o22ai_2": 79,
            "sky130_fd_sc_hd__o2bb2a_2": 232,
            "sky130_fd_sc_hd__o311a_2": 121,
            "sky130_fd_sc_hd__o311ai_2": 2,
            "sky130_fd_sc_hd__o31a_2": 100,
            "sky130_fd_sc_hd__o31ai_2": 5,
            "sky130_fd_sc_hd__o32a_2": 30,
            "sky130_fd_sc_hd__o32ai_2": 4,
            "sky130_fd_sc_hd__o41a_2": 11,
            "sky130_fd_sc_hd__or2_2": 2214,
            "sky130_fd_sc_hd__or3_2": 883,
            "sky130_fd_sc_hd__or3b_2": 122,
            "sky130_fd_sc_hd__or4_2": 218,
            "sky130_fd_sc_hd__or4b_2": 131,
            "sky130_fd_sc_hd__or4bb_2": 43,
            "sky130_fd_sc_hd__xnor2_2": 3660,
            "sky130_fd_sc_hd__xor2_2": 942
         }
      }
}

