{
   "creator": "Yosys 0.62 (git sha1 7326bb7d6641500ecb285c291a54a662cb1e76cf, clang++ 21.1.2 -fPIC -O3)",
   "invocation": "stat -json -liberty /home/auc/si-sprint26-project-nanonpu/Backend/openlane/runs/synexp/tmp/a2335851aeb3433e9d3c76316518755e.lib ",
   "modules": {
      "\\npu_project_macro": {
         "num_wires":         85456,
         "num_wire_bits":     85672,
         "num_pub_wires":     8349,
         "num_pub_wire_bits": 8565,
         "num_ports":         15,
         "num_port_bits":     231,
         "num_memories":      0,
         "num_memory_bits":   0,
         "num_processes":     0,
         "num_cells":         85631,
         "num_submodules":       0,
         "area":              965902.627201,
         "sequential_area":    182952.966400,
         "num_cells_by_type": {
            "sky130_fd_sc_hd__a2111o_2": 34,
            "sky130_fd_sc_hd__a2111oi_2": 24,
            "sky130_fd_sc_hd__a211o_2": 788,
            "sky130_fd_sc_hd__a211oi_2": 410,
            "sky130_fd_sc_hd__a21bo_2": 473,
            "sky130_fd_sc_hd__a21boi_2": 951,
            "sky130_fd_sc_hd__a21o_2": 2906,
            "sky130_fd_sc_hd__a21oi_2": 3710,
            "sky130_fd_sc_hd__a221o_2": 1572,
            "sky130_fd_sc_hd__a221oi_2": 64,
            "sky130_fd_sc_hd__a22o_2": 2448,
            "sky130_fd_sc_hd__a22oi_2": 681,
            "sky130_fd_sc_hd__a2bb2o_2": 472,
            "sky130_fd_sc_hd__a2bb2oi_2": 416,
            "sky130_fd_sc_hd__a311o_2": 265,
            "sky130_fd_sc_hd__a311oi_2": 50,
            "sky130_fd_sc_hd__a31o_2": 1657,
            "sky130_fd_sc_hd__a31oi_2": 651,
            "sky130_fd_sc_hd__a32o_2": 732,
            "sky130_fd_sc_hd__a32oi_2": 411,
            "sky130_fd_sc_hd__a41o_2": 89,
            "sky130_fd_sc_hd__a41oi_2": 18,
            "sky130_fd_sc_hd__and2_2": 475,
            "sky130_fd_sc_hd__and2b_2": 314,
            "sky130_fd_sc_hd__and3_2": 3295,
            "sky130_fd_sc_hd__and3b_2": 71,
            "sky130_fd_sc_hd__and4_2": 663,
            "sky130_fd_sc_hd__and4b_2": 145,
            "sky130_fd_sc_hd__and4bb_2": 156,
            "sky130_fd_sc_hd__buf_2": 4,
            "sky130_fd_sc_hd__conb_1": 186,
            "sky130_fd_sc_hd__dfrtp_2": 1480,
            "sky130_fd_sc_hd__dfstp_2": 13,
            "sky130_fd_sc_hd__dfxtp_2": 6757,
            "sky130_fd_sc_hd__inv_2": 1296,
            "sky130_fd_sc_hd__mux2_1": 7428,
            "sky130_fd_sc_hd__mux4_2": 623,
            "sky130_fd_sc_hd__nand2_2": 6896,
            "sky130_fd_sc_hd__nand2b_2": 327,
            "sky130_fd_sc_hd__nand3_2": 6933,
            "sky130_fd_sc_hd__nand3b_2": 580,
            "sky130_fd_sc_hd__nand4_2": 2216,
            "sky130_fd_sc_hd__nand4b_2": 98,
            "sky130_fd_sc_hd__nor2_2": 1744,
            "sky130_fd_sc_hd__nor3_2": 274,
            "sky130_fd_sc_hd__nor3b_2": 71,
            "sky130_fd_sc_hd__nor4_2": 114,
            "sky130_fd_sc_hd__nor4b_2": 6,
            "sky130_fd_sc_hd__o2111a_2": 131,
            "sky130_fd_sc_hd__o2111ai_2": 1560,
            "sky130_fd_sc_hd__o211a_2": 1709,
            "sky130_fd_sc_hd__o211ai_2": 4463,
            "sky130_fd_sc_hd__o21a_2": 1139,
            "sky130_fd_sc_hd__o21ai_2": 5170,
            "sky130_fd_sc_hd__o21ba_2": 160,
            "sky130_fd_sc_hd__o21bai_2": 323,
            "sky130_fd_sc_hd__o221a_2": 1098,
            "sky130_fd_sc_hd__o221ai_2": 846,
            "sky130_fd_sc_hd__o22a_2": 965,
            "sky130_fd_sc_hd__o22ai_2": 634,
            "sky130_fd_sc_hd__o2bb2a_2": 526,
            "sky130_fd_sc_hd__o2bb2ai_2": 1915,
            "sky130_fd_sc_hd__o311a_2": 585,
            "sky130_fd_sc_hd__o311ai_2": 12,
            "sky130_fd_sc_hd__o31a_2": 370,
            "sky130_fd_sc_hd__o31ai_2": 76,
            "sky130_fd_sc_hd__o32a_2": 223,
            "sky130_fd_sc_hd__o32ai_2": 18,
            "sky130_fd_sc_hd__o41a_2": 35,
            "sky130_fd_sc_hd__o41ai_2": 4,
            "sky130_fd_sc_hd__or2_2": 557,
            "sky130_fd_sc_hd__or3_2": 650,
            "sky130_fd_sc_hd__or3b_2": 214,
            "sky130_fd_sc_hd__or4_2": 414,
            "sky130_fd_sc_hd__or4b_2": 56,
            "sky130_fd_sc_hd__or4bb_2": 110,
            "sky130_fd_sc_hd__xnor2_2": 312,
            "sky130_fd_sc_hd__xor2_2": 369
         }
      }
   },
      "design": {
         "num_wires":         85456,
         "num_wire_bits":     85672,
         "num_pub_wires":     8349,
         "num_pub_wire_bits": 8565,
         "num_ports":         15,
         "num_port_bits":     231,
         "num_memories":      0,
         "num_memory_bits":   0,
         "num_processes":     0,
         "num_cells":         85631,
         "num_submodules":       0,
         "area":              965902.627201,
         "sequential_area":    182952.966400,
         "num_cells_by_type": {
            "sky130_fd_sc_hd__a2111o_2": 34,
            "sky130_fd_sc_hd__a2111oi_2": 24,
            "sky130_fd_sc_hd__a211o_2": 788,
            "sky130_fd_sc_hd__a211oi_2": 410,
            "sky130_fd_sc_hd__a21bo_2": 473,
            "sky130_fd_sc_hd__a21boi_2": 951,
            "sky130_fd_sc_hd__a21o_2": 2906,
            "sky130_fd_sc_hd__a21oi_2": 3710,
            "sky130_fd_sc_hd__a221o_2": 1572,
            "sky130_fd_sc_hd__a221oi_2": 64,
            "sky130_fd_sc_hd__a22o_2": 2448,
            "sky130_fd_sc_hd__a22oi_2": 681,
            "sky130_fd_sc_hd__a2bb2o_2": 472,
            "sky130_fd_sc_hd__a2bb2oi_2": 416,
            "sky130_fd_sc_hd__a311o_2": 265,
            "sky130_fd_sc_hd__a311oi_2": 50,
            "sky130_fd_sc_hd__a31o_2": 1657,
            "sky130_fd_sc_hd__a31oi_2": 651,
            "sky130_fd_sc_hd__a32o_2": 732,
            "sky130_fd_sc_hd__a32oi_2": 411,
            "sky130_fd_sc_hd__a41o_2": 89,
            "sky130_fd_sc_hd__a41oi_2": 18,
            "sky130_fd_sc_hd__and2_2": 475,
            "sky130_fd_sc_hd__and2b_2": 314,
            "sky130_fd_sc_hd__and3_2": 3295,
            "sky130_fd_sc_hd__and3b_2": 71,
            "sky130_fd_sc_hd__and4_2": 663,
            "sky130_fd_sc_hd__and4b_2": 145,
            "sky130_fd_sc_hd__and4bb_2": 156,
            "sky130_fd_sc_hd__buf_2": 4,
            "sky130_fd_sc_hd__conb_1": 186,
            "sky130_fd_sc_hd__dfrtp_2": 1480,
            "sky130_fd_sc_hd__dfstp_2": 13,
            "sky130_fd_sc_hd__dfxtp_2": 6757,
            "sky130_fd_sc_hd__inv_2": 1296,
            "sky130_fd_sc_hd__mux2_1": 7428,
            "sky130_fd_sc_hd__mux4_2": 623,
            "sky130_fd_sc_hd__nand2_2": 6896,
            "sky130_fd_sc_hd__nand2b_2": 327,
            "sky130_fd_sc_hd__nand3_2": 6933,
            "sky130_fd_sc_hd__nand3b_2": 580,
            "sky130_fd_sc_hd__nand4_2": 2216,
            "sky130_fd_sc_hd__nand4b_2": 98,
            "sky130_fd_sc_hd__nor2_2": 1744,
            "sky130_fd_sc_hd__nor3_2": 274,
            "sky130_fd_sc_hd__nor3b_2": 71,
            "sky130_fd_sc_hd__nor4_2": 114,
            "sky130_fd_sc_hd__nor4b_2": 6,
            "sky130_fd_sc_hd__o2111a_2": 131,
            "sky130_fd_sc_hd__o2111ai_2": 1560,
            "sky130_fd_sc_hd__o211a_2": 1709,
            "sky130_fd_sc_hd__o211ai_2": 4463,
            "sky130_fd_sc_hd__o21a_2": 1139,
            "sky130_fd_sc_hd__o21ai_2": 5170,
            "sky130_fd_sc_hd__o21ba_2": 160,
            "sky130_fd_sc_hd__o21bai_2": 323,
            "sky130_fd_sc_hd__o221a_2": 1098,
            "sky130_fd_sc_hd__o221ai_2": 846,
            "sky130_fd_sc_hd__o22a_2": 965,
            "sky130_fd_sc_hd__o22ai_2": 634,
            "sky130_fd_sc_hd__o2bb2a_2": 526,
            "sky130_fd_sc_hd__o2bb2ai_2": 1915,
            "sky130_fd_sc_hd__o311a_2": 585,
            "sky130_fd_sc_hd__o311ai_2": 12,
            "sky130_fd_sc_hd__o31a_2": 370,
            "sky130_fd_sc_hd__o31ai_2": 76,
            "sky130_fd_sc_hd__o32a_2": 223,
            "sky130_fd_sc_hd__o32ai_2": 18,
            "sky130_fd_sc_hd__o41a_2": 35,