{
   "creator": "Yosys 0.62 (git sha1 7326bb7d6641500ecb285c291a54a662cb1e76cf, clang++ 21.1.2 -fPIC -O3)",
   "invocation": "stat -json -liberty /home/auc/si-sprint26-project-nanonpu/Backend/openlane/runs/synexp/tmp/a2335851aeb3433e9d3c76316518755e.lib ",
   "modules": {
      "\\npu_project_macro": {
         "num_wires":         88346,
         "num_wire_bits":     88562,
         "num_pub_wires":     8349,
         "num_pub_wire_bits": 8565,
         "num_ports":         15,
         "num_port_bits":     231,
         "num_memories":      0,
         "num_memory_bits":   0,
         "num_processes":     0,
         "num_cells":         88521,
         "num_submodules":       0,
         "area":              1022271.689601,
         "sequential_area":    182952.966400,
         "num_cells_by_type": {
            "sky130_fd_sc_hd__a2111o_2": 31,
            "sky130_fd_sc_hd__a2111oi_2": 18,
            "sky130_fd_sc_hd__a211o_2": 718,
            "sky130_fd_sc_hd__a211oi_2": 262,
            "sky130_fd_sc_hd__a21bo_2": 279,
            "sky130_fd_sc_hd__a21boi_2": 523,
            "sky130_fd_sc_hd__a21o_2": 2644,
            "sky130_fd_sc_hd__a21oi_2": 4704,
            "sky130_fd_sc_hd__a221o_2": 2252,
            "sky130_fd_sc_hd__a221oi_2": 164,
            "sky130_fd_sc_hd__a22o_2": 2306,
            "sky130_fd_sc_hd__a22oi_2": 1302,
            "sky130_fd_sc_hd__a2bb2o_2": 528,
            "sky130_fd_sc_hd__a2bb2oi_2": 627,
            "sky130_fd_sc_hd__a311o_2": 488,
            "sky130_fd_sc_hd__a311oi_2": 84,
            "sky130_fd_sc_hd__a31o_2": 2133,
            "sky130_fd_sc_hd__a31oi_2": 636,
            "sky130_fd_sc_hd__a32o_2": 899,
            "sky130_fd_sc_hd__a32oi_2": 509,
            "sky130_fd_sc_hd__a41o_2": 227,
            "sky130_fd_sc_hd__a41oi_2": 53,
            "sky130_fd_sc_hd__and2_2": 588,
            "sky130_fd_sc_hd__and2b_2": 369,
            "sky130_fd_sc_hd__and3_2": 3192,
            "sky130_fd_sc_hd__and3b_2": 56,
            "sky130_fd_sc_hd__and4_2": 1024,
            "sky130_fd_sc_hd__and4b_2": 140,
            "sky130_fd_sc_hd__and4bb_2": 100,
            "sky130_fd_sc_hd__buf_2": 4,
            "sky130_fd_sc_hd__conb_1": 186,
            "sky130_fd_sc_hd__dfrtp_2": 1480,
            "sky130_fd_sc_hd__dfstp_2": 13,
            "sky130_fd_sc_hd__dfxtp_2": 6757,
            "sky130_fd_sc_hd__inv_2": 923,
            "sky130_fd_sc_hd__mux2_1": 6509,
            "sky130_fd_sc_hd__mux4_2": 695,
            "sky130_fd_sc_hd__nand2_2": 4337,
            "sky130_fd_sc_hd__nand2b_2": 318,
            "sky130_fd_sc_hd__nand3_2": 4659,
            "sky130_fd_sc_hd__nand3b_2": 400,
            "sky130_fd_sc_hd__nand4_2": 2585,
            "sky130_fd_sc_hd__nand4b_2": 67,
            "sky130_fd_sc_hd__nor2_2": 1604,
            "sky130_fd_sc_hd__nor3_2": 199,
            "sky130_fd_sc_hd__nor3b_2": 56,
            "sky130_fd_sc_hd__nor4_2": 47,
            "sky130_fd_sc_hd__nor4b_2": 9,
            "sky130_fd_sc_hd__o2111a_2": 341,
            "sky130_fd_sc_hd__o2111ai_2": 1746,
            "sky130_fd_sc_hd__o211a_2": 2391,
            "sky130_fd_sc_hd__o211ai_2": 4762,
            "sky130_fd_sc_hd__o21a_2": 1297,
            "sky130_fd_sc_hd__o21ai_2": 4937,
            "sky130_fd_sc_hd__o21ba_2": 138,
            "sky130_fd_sc_hd__o21bai_2": 423,
            "sky130_fd_sc_hd__o221a_2": 1048,
            "sky130_fd_sc_hd__o221ai_2": 839,
            "sky130_fd_sc_hd__o22a_2": 2279,
            "sky130_fd_sc_hd__o22ai_2": 1648,
            "sky130_fd_sc_hd__o2bb2a_2": 623,
            "sky130_fd_sc_hd__o2bb2ai_2": 2408,
            "sky130_fd_sc_hd__o311a_2": 1280,
            "sky130_fd_sc_hd__o311ai_2": 19,
            "sky130_fd_sc_hd__o31a_2": 542,
            "sky130_fd_sc_hd__o31ai_2": 117,
            "sky130_fd_sc_hd__o32a_2": 857,
            "sky130_fd_sc_hd__o32ai_2": 61,
            "sky130_fd_sc_hd__o41a_2": 34,
            "sky130_fd_sc_hd__o41ai_2": 16,
            "sky130_fd_sc_hd__or2_2": 699,
            "sky130_fd_sc_hd__or3_2": 491,
            "sky130_fd_sc_hd__or3b_2": 140,
            "sky130_fd_sc_hd__or4_2": 471,
            "sky130_fd_sc_hd__or4b_2": 75,
            "sky130_fd_sc_hd__or4bb_2": 41,
            "sky130_fd_sc_hd__xnor2_2": 588,
            "sky130_fd_sc_hd__xor2_2": 506
         }
      }
   },
      "design": {
         "num_wires":         88346,
         "num_wire_bits":     88562,
         "num_pub_wires":     8349,
         "num_pub_wire_bits": 8565,
         "num_ports":         15,
         "num_port_bits":     231,
         "num_memories":      0,
         "num_memory_bits":   0,
         "num_processes":     0,
         "num_cells":         88521,
         "num_submodules":       0,
         "area":              1022271.689601,
         "sequential_area":    182952.966400,
         "num_cells_by_type": {
            "sky130_fd_sc_hd__a2111o_2": 31,
            "sky130_fd_sc_hd__a2111oi_2": 18,
            "sky130_fd_sc_hd__a211o_2": 718,
            "sky130_fd_sc_hd__a211oi_2": 262,
            "sky130_fd_sc_hd__a21bo_2": 279,
            "sky130_fd_sc_hd__a21boi_2": 523,
            "sky130_fd_sc_hd__a21o_2": 2644,
            "sky130_fd_sc_hd__a21oi_2": 4704,
            "sky130_fd_sc_hd__a221o_2": 2252,
            "sky130_fd_sc_hd__a221oi_2": 164,
            "sky130_fd_sc_hd__a22o_2": 2306,
            "sky130_fd_sc_hd__a22oi_2": 1302,
            "sky130_fd_sc_hd__a2bb2o_2": 528,
            "sky130_fd_sc_hd__a2bb2oi_2": 627,
            "sky130_fd_sc_hd__a311o_2": 488,
            "sky130_fd_sc_hd__a311oi_2": 84,
            "sky130_fd_sc_hd__a31o_2": 2133,
            "sky130_fd_sc_hd__a31oi_2": 636,
            "sky130_fd_sc_hd__a32o_2": 899,
            "sky130_fd_sc_hd__a32oi_2": 509,
            "sky130_fd_sc_hd__a41o_2": 227,
            "sky130_fd_sc_hd__a41oi_2": 53,
            "sky130_fd_sc_hd__and2_2": 588,
            "sky130_fd_sc_hd__and2b_2": 369,
            "sky130_fd_sc_hd__and3_2": 3192,
            "sky130_fd_sc_hd__and3b_2": 56,
            "sky130_fd_sc_hd__and4_2": 1024,
            "sky130_fd_sc_hd__and4b_2": 140,
            "sky130_fd_sc_hd__and4bb_2": 100,
            "sky130_fd_sc_hd__buf_2": 4,
            "sky130_fd_sc_hd__conb_1": 186,
            "sky130_fd_sc_hd__dfrtp_2": 1480,
            "sky130_fd_sc_hd__dfstp_2": 13,
            "sky130_fd_sc_hd__dfxtp_2": 6757,
            "sky130_fd_sc_hd__inv_2": 923,
            "sky130_fd_sc_hd__mux2_1": 6509,
            "sky130_fd_sc_hd__mux4_2": 695,
            "sky130_fd_sc_hd__nand2_2": 4337,
            "sky130_fd_sc_hd__nand2b_2": 318,
            "sky130_fd_sc_hd__nand3_2": 4659,
            "sky130_fd_sc_hd__nand3b_2": 400,
            "sky130_fd_sc_hd__nand4_2": 2585,
            "sky130_fd_sc_hd__nand4b_2": 67,
            "sky130_fd_sc_hd__nor2_2": 1604,
            "sky130_fd_sc_hd__nor3_2": 199,
            "sky130_fd_sc_hd__nor3b_2": 56,
            "sky130_fd_sc_hd__nor4_2": 47,
            "sky130_fd_sc_hd__nor4b_2": 9,
            "sky130_fd_sc_hd__o2111a_2": 341,
            "sky130_fd_sc_hd__o2111ai_2": 1746,
            "sky130_fd_sc_hd__o211a_2": 2391,
            "sky130_fd_sc_hd__o211ai_2": 4762,
            "sky130_fd_sc_hd__o21a_2": 1297,
            "sky130_fd_sc_hd__o21ai_2": 4937,
            "sky130_fd_sc_hd__o21ba_2": 138,
            "sky130_fd_sc_hd__o21bai_2": 423,
            "sky130_fd_sc_hd__o221a_2": 1048,
            "sky130_fd_sc_hd__o221ai_2": 839,
            "sky130_fd_sc_hd__o22a_2": 2279,
            "sky130_fd_sc_hd__o22ai_2": 1648,
            "sky130_fd_sc_hd__o2bb2a_2": 623,
            "sky130_fd_sc_hd__o2bb2ai_2": 2408,
            "sky130_fd_sc_hd__o311a_2": 1280,
            "sky130_fd_sc_hd__o311ai_2": 19,
            "sky130_fd_sc_hd__o31a_2": 542,
            "sky130_fd_sc_hd__o31ai_2": 117,
            "sky130_fd_sc_hd__o32a_2": 857,
            "sky130_fd_sc_hd__o32ai_2": 61,
            "sky130_fd_sc_hd__o41a_2": 34,