{
   "creator": "Yosys 0.62 (git sha1 7326bb7d6641500ecb285c291a54a662cb1e76cf, clang++ 21.1.2 -fPIC -O3)",
   "invocation": "stat -json -liberty /home/auc/si-sprint26-project-nanonpu/Backend/openlane/runs/synexp/tmp/a2335851aeb3433e9d3c76316518755e.lib ",
   "modules": {
      "\\npu_project_macro": {
         "num_wires":         87458,
         "num_wire_bits":     87674,
         "num_pub_wires":     8349,
         "num_pub_wire_bits": 8565,
         "num_ports":         15,
         "num_port_bits":     231,
         "num_memories":      0,
         "num_memory_bits":   0,
         "num_processes":     0,
         "num_cells":         87633,
         "num_submodules":       0,
         "area":              1012208.288001,
         "sequential_area":    182952.966400,
         "num_cells_by_type": {
            "sky130_fd_sc_hd__a2111o_2": 51,
            "sky130_fd_sc_hd__a2111oi_2": 26,
            "sky130_fd_sc_hd__a211o_2": 619,
            "sky130_fd_sc_hd__a211oi_2": 306,
            "sky130_fd_sc_hd__a21bo_2": 257,
            "sky130_fd_sc_hd__a21boi_2": 577,
            "sky130_fd_sc_hd__a21o_2": 2423,
            "sky130_fd_sc_hd__a21oi_2": 4280,
            "sky130_fd_sc_hd__a221o_2": 1713,
            "sky130_fd_sc_hd__a221oi_2": 128,
            "sky130_fd_sc_hd__a22o_2": 3512,
            "sky130_fd_sc_hd__a22oi_2": 1295,
            "sky130_fd_sc_hd__a2bb2o_2": 599,
            "sky130_fd_sc_hd__a2bb2oi_2": 562,
            "sky130_fd_sc_hd__a311o_2": 456,
            "sky130_fd_sc_hd__a311oi_2": 109,
            "sky130_fd_sc_hd__a31o_2": 2670,
            "sky130_fd_sc_hd__a31oi_2": 689,
            "sky130_fd_sc_hd__a32o_2": 1615,
            "sky130_fd_sc_hd__a32oi_2": 563,
            "sky130_fd_sc_hd__a41o_2": 198,
            "sky130_fd_sc_hd__a41oi_2": 40,
            "sky130_fd_sc_hd__and2_2": 573,
            "sky130_fd_sc_hd__and2b_2": 304,
            "sky130_fd_sc_hd__and3_2": 3245,
            "sky130_fd_sc_hd__and3b_2": 98,
            "sky130_fd_sc_hd__and4_2": 926,
            "sky130_fd_sc_hd__and4b_2": 121,
            "sky130_fd_sc_hd__and4bb_2": 73,
            "sky130_fd_sc_hd__buf_2": 4,
            "sky130_fd_sc_hd__conb_1": 186,
            "sky130_fd_sc_hd__dfrtp_2": 1480,
            "sky130_fd_sc_hd__dfstp_2": 13,
            "sky130_fd_sc_hd__dfxtp_2": 6757,
            "sky130_fd_sc_hd__inv_2": 936,
            "sky130_fd_sc_hd__mux2_1": 5820,
            "sky130_fd_sc_hd__mux4_2": 663,
            "sky130_fd_sc_hd__nand2_2": 4223,
            "sky130_fd_sc_hd__nand2b_2": 286,
            "sky130_fd_sc_hd__nand3_2": 4681,
            "sky130_fd_sc_hd__nand3b_2": 436,
            "sky130_fd_sc_hd__nand4_2": 2583,
            "sky130_fd_sc_hd__nand4b_2": 52,
            "sky130_fd_sc_hd__nor2_2": 1624,
            "sky130_fd_sc_hd__nor3_2": 273,
            "sky130_fd_sc_hd__nor3b_2": 40,
            "sky130_fd_sc_hd__nor4_2": 73,
            "sky130_fd_sc_hd__nor4b_2": 9,
            "sky130_fd_sc_hd__o2111a_2": 390,
            "sky130_fd_sc_hd__o2111ai_2": 1682,
            "sky130_fd_sc_hd__o211a_2": 1976,
            "sky130_fd_sc_hd__o211ai_2": 5232,
            "sky130_fd_sc_hd__o21a_2": 1328,
            "sky130_fd_sc_hd__o21ai_2": 5118,
            "sky130_fd_sc_hd__o21ba_2": 122,
            "sky130_fd_sc_hd__o21bai_2": 448,
            "sky130_fd_sc_hd__o221a_2": 1438,
            "sky130_fd_sc_hd__o221ai_2": 787,
            "sky130_fd_sc_hd__o22a_2": 1072,
            "sky130_fd_sc_hd__o22ai_2": 1395,
            "sky130_fd_sc_hd__o2bb2a_2": 571,
            "sky130_fd_sc_hd__o2bb2ai_2": 2425,
            "sky130_fd_sc_hd__o311a_2": 1208,
            "sky130_fd_sc_hd__o311ai_2": 24,
            "sky130_fd_sc_hd__o31a_2": 544,
            "sky130_fd_sc_hd__o31ai_2": 93,
            "sky130_fd_sc_hd__o32a_2": 601,
            "sky130_fd_sc_hd__o32ai_2": 66,
            "sky130_fd_sc_hd__o41a_2": 41,
            "sky130_fd_sc_hd__o41ai_2": 14,
            "sky130_fd_sc_hd__or2_2": 676,
            "sky130_fd_sc_hd__or3_2": 429,
            "sky130_fd_sc_hd__or3b_2": 183,
            "sky130_fd_sc_hd__or4_2": 519,
            "sky130_fd_sc_hd__or4b_2": 67,
            "sky130_fd_sc_hd__or4bb_2": 63,
            "sky130_fd_sc_hd__xnor2_2": 489,
            "sky130_fd_sc_hd__xor2_2": 465
         }
      }
   },
      "design": {
         "num_wires":         87458,
         "num_wire_bits":     87674,
         "num_pub_wires":     8349,
         "num_pub_wire_bits": 8565,
         "num_ports":         15,
         "num_port_bits":     231,
         "num_memories":      0,
         "num_memory_bits":   0,
         "num_processes":     0,
         "num_cells":         87633,
         "num_submodules":       0,
         "area":              1012208.288001,
         "sequential_area":    182952.966400,
         "num_cells_by_type": {
            "sky130_fd_sc_hd__a2111o_2": 51,
            "sky130_fd_sc_hd__a2111oi_2": 26,
            "sky130_fd_sc_hd__a211o_2": 619,
            "sky130_fd_sc_hd__a211oi_2": 306,
            "sky130_fd_sc_hd__a21bo_2": 257,
            "sky130_fd_sc_hd__a21boi_2": 577,
            "sky130_fd_sc_hd__a21o_2": 2423,
            "sky130_fd_sc_hd__a21oi_2": 4280,
            "sky130_fd_sc_hd__a221o_2": 1713,
            "sky130_fd_sc_hd__a221oi_2": 128,
            "sky130_fd_sc_hd__a22o_2": 3512,
            "sky130_fd_sc_hd__a22oi_2": 1295,
            "sky130_fd_sc_hd__a2bb2o_2": 599,
            "sky130_fd_sc_hd__a2bb2oi_2": 562,
            "sky130_fd_sc_hd__a311o_2": 456,
            "sky130_fd_sc_hd__a311oi_2": 109,
            "sky130_fd_sc_hd__a31o_2": 2670,
            "sky130_fd_sc_hd__a31oi_2": 689,
            "sky130_fd_sc_hd__a32o_2": 1615,
            "sky130_fd_sc_hd__a32oi_2": 563,
            "sky130_fd_sc_hd__a41o_2": 198,
            "sky130_fd_sc_hd__a41oi_2": 40,
            "sky130_fd_sc_hd__and2_2": 573,
            "sky130_fd_sc_hd__and2b_2": 304,
            "sky130_fd_sc_hd__and3_2": 3245,
            "sky130_fd_sc_hd__and3b_2": 98,
            "sky130_fd_sc_hd__and4_2": 926,
            "sky130_fd_sc_hd__and4b_2": 121,
            "sky130_fd_sc_hd__and4bb_2": 73,
            "sky130_fd_sc_hd__buf_2": 4,
            "sky130_fd_sc_hd__conb_1": 186,
            "sky130_fd_sc_hd__dfrtp_2": 1480,
            "sky130_fd_sc_hd__dfstp_2": 13,
            "sky130_fd_sc_hd__dfxtp_2": 6757,
            "sky130_fd_sc_hd__inv_2": 936,
            "sky130_fd_sc_hd__mux2_1": 5820,
            "sky130_fd_sc_hd__mux4_2": 663,
            "sky130_fd_sc_hd__nand2_2": 4223,
            "sky130_fd_sc_hd__nand2b_2": 286,
            "sky130_fd_sc_hd__nand3_2": 4681,
            "sky130_fd_sc_hd__nand3b_2": 436,
            "sky130_fd_sc_hd__nand4_2": 2583,
            "sky130_fd_sc_hd__nand4b_2": 52,
            "sky130_fd_sc_hd__nor2_2": 1624,
            "sky130_fd_sc_hd__nor3_2": 273,
            "sky130_fd_sc_hd__nor3b_2": 40,
            "sky130_fd_sc_hd__nor4_2": 73,
            "sky130_fd_sc_hd__nor4b_2": 9,
            "sky130_fd_sc_hd__o2111a_2": 390,
            "sky130_fd_sc_hd__o2111ai_2": 1682,
            "sky130_fd_sc_hd__o211a_2": 1976,
            "sky130_fd_sc_hd__o211ai_2": 5232,
            "sky130_fd_sc_hd__o21a_2": 1328,
            "sky130_fd_sc_hd__o21ai_2": 5118,
            "sky130_fd_sc_hd__o21ba_2": 122,
            "sky130_fd_sc_hd__o21bai_2": 448,
            "sky130_fd_sc_hd__o221a_2": 1438,
            "sky130_fd_sc_hd__o221ai_2": 787,
            "sky130_fd_sc_hd__o22a_2": 1072,
            "sky130_fd_sc_hd__o22ai_2": 1395,
            "sky130_fd_sc_hd__o2bb2a_2": 571,
            "sky130_fd_sc_hd__o2bb2ai_2": 2425,
            "sky130_fd_sc_hd__o311a_2": 1208,
            "sky130_fd_sc_hd__o311ai_2": 24,
            "sky130_fd_sc_hd__o31a_2": 544,
            "sky130_fd_sc_hd__o31ai_2": 93,
            "sky130_fd_sc_hd__o32a_2": 601,
            "sky130_fd_sc_hd__o32ai_2": 66,
            "sky130_fd_sc_hd__o41a_2": 41,