{
   "creator": "Yosys 0.62 (git sha1 7326bb7d6641500ecb285c291a54a662cb1e76cf, clang++ 21.1.2 -fPIC -O3)",
   "invocation": "stat -json -liberty /home/auc/si-sprint26-project-nanonpu/Backend/openlane/runs/synexp/tmp/a2335851aeb3433e9d3c76316518755e.lib ",
   "modules": {
      "\\npu_project_macro": {
         "num_wires":         81409,
         "num_wire_bits":     81625,
         "num_pub_wires":     8349,
         "num_pub_wire_bits": 8565,
         "num_ports":         15,
         "num_port_bits":     231,
         "num_memories":      0,
         "num_memory_bits":   0,
         "num_processes":     0,
         "num_cells":         81584,
         "num_submodules":       0,
         "area":              879368.384001,
         "sequential_area":    182952.966400,
         "num_cells_by_type": {
            "sky130_fd_sc_hd__a2111o_2": 61,
            "sky130_fd_sc_hd__a2111oi_2": 11,
            "sky130_fd_sc_hd__a211o_2": 639,
            "sky130_fd_sc_hd__a211o_4": 2,
            "sky130_fd_sc_hd__a211oi_2": 135,
            "sky130_fd_sc_hd__a21bo_2": 894,
            "sky130_fd_sc_hd__a21boi_2": 315,
            "sky130_fd_sc_hd__a21o_2": 3133,
            "sky130_fd_sc_hd__a21o_4": 16,
            "sky130_fd_sc_hd__a21oi_2": 2054,
            "sky130_fd_sc_hd__a21oi_4": 4,
            "sky130_fd_sc_hd__a221o_2": 225,
            "sky130_fd_sc_hd__a221oi_2": 48,
            "sky130_fd_sc_hd__a22o_2": 2263,
            "sky130_fd_sc_hd__a22oi_2": 130,
            "sky130_fd_sc_hd__a2bb2o_2": 191,
            "sky130_fd_sc_hd__a2bb2o_4": 4,
            "sky130_fd_sc_hd__a2bb2oi_2": 4,
            "sky130_fd_sc_hd__a311o_2": 78,
            "sky130_fd_sc_hd__a311oi_2": 13,
            "sky130_fd_sc_hd__a31o_2": 741,
            "sky130_fd_sc_hd__a31oi_2": 76,
            "sky130_fd_sc_hd__a32o_2": 156,
            "sky130_fd_sc_hd__a32oi_2": 15,
            "sky130_fd_sc_hd__a41o_2": 44,
            "sky130_fd_sc_hd__a41o_4": 1,
            "sky130_fd_sc_hd__a41oi_2": 2,
            "sky130_fd_sc_hd__and2_2": 1244,
            "sky130_fd_sc_hd__and2_4": 16,
            "sky130_fd_sc_hd__and2b_2": 325,
            "sky130_fd_sc_hd__and3_2": 1096,
            "sky130_fd_sc_hd__and3_4": 25,
            "sky130_fd_sc_hd__and3b_2": 108,
            "sky130_fd_sc_hd__and3b_4": 1,
            "sky130_fd_sc_hd__and4_2": 375,
            "sky130_fd_sc_hd__and4_4": 5,
            "sky130_fd_sc_hd__and4b_2": 77,
            "sky130_fd_sc_hd__and4b_4": 1,
            "sky130_fd_sc_hd__and4bb_2": 24,
            "sky130_fd_sc_hd__buf_1": 10930,
            "sky130_fd_sc_hd__buf_2": 446,
            "sky130_fd_sc_hd__buf_4": 71,
            "sky130_fd_sc_hd__buf_6": 43,
            "sky130_fd_sc_hd__conb_1": 186,
            "sky130_fd_sc_hd__dfrtp_2": 1480,
            "sky130_fd_sc_hd__dfstp_2": 13,
            "sky130_fd_sc_hd__dfxtp_2": 6757,
            "sky130_fd_sc_hd__inv_12": 1,
            "sky130_fd_sc_hd__inv_2": 1038,
            "sky130_fd_sc_hd__inv_4": 3,
            "sky130_fd_sc_hd__mux2_1": 35,
            "sky130_fd_sc_hd__mux2_2": 16604,
            "sky130_fd_sc_hd__mux2_4": 26,
            "sky130_fd_sc_hd__mux4_2": 692,
            "sky130_fd_sc_hd__nand2_2": 5917,
            "sky130_fd_sc_hd__nand2_4": 1,
            "sky130_fd_sc_hd__nand2b_2": 29,
            "sky130_fd_sc_hd__nand2b_4": 1,
            "sky130_fd_sc_hd__nand3_2": 772,
            "sky130_fd_sc_hd__nand3b_2": 112,
            "sky130_fd_sc_hd__nand4_2": 102,
            "sky130_fd_sc_hd__nand4b_2": 3,
            "sky130_fd_sc_hd__nand4bb_2": 7,
            "sky130_fd_sc_hd__nor2_2": 2445,
            "sky130_fd_sc_hd__nor2_4": 3,
            "sky130_fd_sc_hd__nor2b_2": 57,
            "sky130_fd_sc_hd__nor2b_4": 4,
            "sky130_fd_sc_hd__nor3_2": 99,
            "sky130_fd_sc_hd__nor3b_2": 15,
            "sky130_fd_sc_hd__nor4_2": 26,
            "sky130_fd_sc_hd__nor4b_2": 4,
            "sky130_fd_sc_hd__o2111a_2": 47,
            "sky130_fd_sc_hd__o2111ai_2": 25,
            "sky130_fd_sc_hd__o211a_2": 501,
            "sky130_fd_sc_hd__o211a_4": 1,
            "sky130_fd_sc_hd__o211ai_2": 316,
            "sky130_fd_sc_hd__o21a_2": 1663,
            "sky130_fd_sc_hd__o21a_4": 2,
            "sky130_fd_sc_hd__o21ai_2": 1518,
            "sky130_fd_sc_hd__o21ai_4": 6,
            "sky130_fd_sc_hd__o21ba_2": 678,
            "sky130_fd_sc_hd__o21bai_2": 225,
            "sky130_fd_sc_hd__o21bai_4": 2,
            "sky130_fd_sc_hd__o221a_2": 266,
            "sky130_fd_sc_hd__o221ai_2": 42,
            "sky130_fd_sc_hd__o221ai_4": 1,
            "sky130_fd_sc_hd__o22a_2": 285,
            "sky130_fd_sc_hd__o22ai_2": 90,
            "sky130_fd_sc_hd__o2bb2a_2": 134,
            "sky130_fd_sc_hd__o2bb2a_4": 1,
            "sky130_fd_sc_hd__o2bb2ai_2": 6,
            "sky130_fd_sc_hd__o311a_2": 58,
            "sky130_fd_sc_hd__o311ai_2": 8,
            "sky130_fd_sc_hd__o31a_2": 153,
            "sky130_fd_sc_hd__o31a_4": 1,
            "sky130_fd_sc_hd__o31ai_2": 46,
            "sky130_fd_sc_hd__o32a_2": 162,
            "sky130_fd_sc_hd__o32a_4": 1,
            "sky130_fd_sc_hd__o32ai_2": 17,
            "sky130_fd_sc_hd__o41a_2": 14,
            "sky130_fd_sc_hd__o41a_4": 3,
            "sky130_fd_sc_hd__o41ai_2": 2,
            "sky130_fd_sc_hd__o41ai_4": 1,
            "sky130_fd_sc_hd__or2_2": 1701,
            "sky130_fd_sc_hd__or2_4": 21,
            "sky130_fd_sc_hd__or2b_2": 291,
            "sky130_fd_sc_hd__or3_2": 419,
            "sky130_fd_sc_hd__or3_4": 27,
            "sky130_fd_sc_hd__or3b_2": 176,
            "sky130_fd_sc_hd__or3b_4": 7,
            "sky130_fd_sc_hd__or4_2": 190,
            "sky130_fd_sc_hd__or4_4": 47,
            "sky130_fd_sc_hd__or4b_2": 78,
            "sky130_fd_sc_hd__or4b_4": 16,
            "sky130_fd_sc_hd__or4bb_2": 23,
            "sky130_fd_sc_hd__or4bb_4": 5,
            "sky130_fd_sc_hd__xnor2_2": 7495,
            "sky130_fd_sc_hd__xnor2_4": 7,
            "sky130_fd_sc_hd__xor2_2": 2332
         }
      }
   },
      "design": {
         "num_wires":         81409,
         "num_wire_bits":     81625,
         "num_pub_wires":     8349,
         "num_pub_wire_bits": 8565,
         "num_ports":         15,
         "num_port_bits":     231,
         "num_memories":      0,
         "num_memory_bits":   0,
         "num_processes":     0,
         "num_cells":         81584,
         "num_submodules":       0,
         "area":              879368.384001,
         "sequential_area":    182952.966400,
         "num_cells_by_type": {
            "sky130_fd_sc_hd__a2111o_2": 61,
            "sky130_fd_sc_hd__a2111oi_2": 11,
            "sky130_fd_sc_hd__a211o_2": 639,
            "sky130_fd_sc_hd__a211o_4": 2,
            "sky130_fd_sc_hd__a211oi_2": 135,
            "sky130_fd_sc_hd__a21bo_2": 894,
            "sky130_fd_sc_hd__a21boi_2": 315,
            "sky130_fd_sc_hd__a21o_2": 3133,
            "sky130_fd_sc_hd__a21o_4": 16,
            "sky130_fd_sc_hd__a21oi_2": 2054,
            "sky130_fd_sc_hd__a21oi_4": 4,
            "sky130_fd_sc_hd__a221o_2": 225,
            "sky130_fd_sc_hd__a221oi_2": 48,
            "sky130_fd_sc_hd__a22o_2": 2263,
            "sky130_fd_sc_hd__a22oi_2": 130,
            "sky130_fd_sc_hd__a2bb2o_2": 191,
            "sky130_fd_sc_hd__a2bb2o_4": 4,
            "sky130_fd_sc_hd__a2bb2oi_2": 4,
            "sky130_fd_sc_hd__a311o_2": 78,
            "sky130_fd_sc_hd__a311oi_2": 13,
            "sky130_fd_sc_hd__a31o_2": 741,
            "sky130_fd_sc_hd__a31oi_2": 76,
            "sky130_fd_sc_hd__a32o_2": 156,
            "sky130_fd_sc_hd__a32oi_2": 15,
            "sky130_fd_sc_hd__a41o_2": 44,
            "sky130_fd_sc_hd__a41o_4": 1,
            "sky130_fd_sc_hd__a41oi_2": 2,
            "sky130_fd_sc_hd__and2_2": 1244,
            "sky130_fd_sc_hd__and2_4": 16,
            "sky130_fd_sc_hd__and2b_2": 325,
            "sky130_fd_sc_hd__and3_2": 1096,