{
   "creator": "Yosys 0.62 (git sha1 7326bb7d6641500ecb285c291a54a662cb1e76cf, clang++ 21.1.2 -fPIC -O3)",
   "invocation": "stat -json -liberty /home/auc/si-sprint26-project-nanonpu/Backend/openlane/runs/synexp/tmp/a2335851aeb3433e9d3c76316518755e.lib ",
   "modules": {
      "\\npu_project_macro": {
         "num_wires":         60679,
         "num_wire_bits":     60895,
         "num_pub_wires":     8349,
         "num_pub_wire_bits": 8565,
         "num_ports":         15,
         "num_port_bits":     231,
         "num_memories":      0,
         "num_memory_bits":   0,
         "num_processes":     0,
         "num_cells":         60854,
         "num_submodules":       0,
         "area":              717650.784000,
         "sequential_area":    182952.966400,
         "num_cells_by_type": {
            "sky130_fd_sc_hd__a2111o_2": 29,
            "sky130_fd_sc_hd__a2111oi_2": 3,
            "sky130_fd_sc_hd__a211o_2": 1103,
            "sky130_fd_sc_hd__a211oi_2": 939,
            "sky130_fd_sc_hd__a21bo_2": 652,
            "sky130_fd_sc_hd__a21boi_2": 140,
            "sky130_fd_sc_hd__a21o_2": 2409,
            "sky130_fd_sc_hd__a21oi_2": 1737,
            "sky130_fd_sc_hd__a221o_2": 1758,
            "sky130_fd_sc_hd__a221oi_2": 4,
            "sky130_fd_sc_hd__a22o_2": 3170,
            "sky130_fd_sc_hd__a22oi_2": 466,
            "sky130_fd_sc_hd__a2bb2o_2": 178,
            "sky130_fd_sc_hd__a2bb2oi_2": 23,
            "sky130_fd_sc_hd__a311o_2": 95,
            "sky130_fd_sc_hd__a311oi_2": 2,
            "sky130_fd_sc_hd__a31o_2": 791,
            "sky130_fd_sc_hd__a31oi_2": 165,
            "sky130_fd_sc_hd__a32o_2": 111,
            "sky130_fd_sc_hd__a32oi_2": 7,
            "sky130_fd_sc_hd__a41o_2": 14,
            "sky130_fd_sc_hd__a41oi_2": 1,
            "sky130_fd_sc_hd__and2_2": 1495,
            "sky130_fd_sc_hd__and2b_2": 1160,
            "sky130_fd_sc_hd__and3_2": 1518,
            "sky130_fd_sc_hd__and3b_2": 63,
            "sky130_fd_sc_hd__and4_2": 1070,
            "sky130_fd_sc_hd__and4b_2": 153,
            "sky130_fd_sc_hd__and4bb_2": 44,
            "sky130_fd_sc_hd__buf_2": 4,
            "sky130_fd_sc_hd__conb_1": 186,
            "sky130_fd_sc_hd__dfrtp_2": 1480,
            "sky130_fd_sc_hd__dfstp_2": 13,
            "sky130_fd_sc_hd__dfxtp_2": 6757,
            "sky130_fd_sc_hd__inv_2": 712,
            "sky130_fd_sc_hd__mux2_1": 8931,
            "sky130_fd_sc_hd__mux4_2": 619,
            "sky130_fd_sc_hd__nand2_2": 3189,
            "sky130_fd_sc_hd__nand2b_2": 896,
            "sky130_fd_sc_hd__nand3_2": 1635,
            "sky130_fd_sc_hd__nand3b_2": 54,
            "sky130_fd_sc_hd__nand4_2": 698,
            "sky130_fd_sc_hd__nand4b_2": 1,
            "sky130_fd_sc_hd__nor2_2": 2204,
            "sky130_fd_sc_hd__nor3_2": 442,
            "sky130_fd_sc_hd__nor3b_2": 32,
            "sky130_fd_sc_hd__nor4_2": 122,
            "sky130_fd_sc_hd__nor4b_2": 26,
            "sky130_fd_sc_hd__o2111a_2": 6,
            "sky130_fd_sc_hd__o2111ai_2": 2,
            "sky130_fd_sc_hd__o211a_2": 1557,
            "sky130_fd_sc_hd__o211ai_2": 569,
            "sky130_fd_sc_hd__o21a_2": 845,
            "sky130_fd_sc_hd__o21ai_2": 844,
            "sky130_fd_sc_hd__o21ba_2": 247,
            "sky130_fd_sc_hd__o21bai_2": 101,
            "sky130_fd_sc_hd__o221a_2": 719,
            "sky130_fd_sc_hd__o22a_2": 133,
            "sky130_fd_sc_hd__o22ai_2": 82,
            "sky130_fd_sc_hd__o2bb2a_2": 167,
            "sky130_fd_sc_hd__o2bb2ai_2": 2,
            "sky130_fd_sc_hd__o311a_2": 206,
            "sky130_fd_sc_hd__o311ai_2": 2,
            "sky130_fd_sc_hd__o31a_2": 99,
            "sky130_fd_sc_hd__o31ai_2": 18,
            "sky130_fd_sc_hd__o32a_2": 32,
            "sky130_fd_sc_hd__o32ai_2": 1,
            "sky130_fd_sc_hd__o41a_2": 8,
            "sky130_fd_sc_hd__o41ai_2": 1,
            "sky130_fd_sc_hd__or2_2": 1940,
            "sky130_fd_sc_hd__or3_2": 731,
            "sky130_fd_sc_hd__or3b_2": 83,
            "sky130_fd_sc_hd__or4_2": 189,
            "sky130_fd_sc_hd__or4b_2": 139,
            "sky130_fd_sc_hd__or4bb_2": 68,
            "sky130_fd_sc_hd__xnor2_2": 3632,
            "sky130_fd_sc_hd__xor2_2": 1130
         }
      }
   },
      "design": {
         "num_wires":         60679,
         "num_wire_bits":     60895,
         "num_pub_wires":     8349,
         "num_pub_wire_bits": 8565,
         "num_ports":         15,
         "num_port_bits":     231,
         "num_memories":      0,
         "num_memory_bits":   0,
         "num_processes":     0,
         "num_cells":         60854,
         "num_submodules":       0,
         "area":              717650.784000,
         "sequential_area":    182952.966400,
         "num_cells_by_type": {
            "sky130_fd_sc_hd__a2111o_2": 29,
            "sky130_fd_sc_hd__a2111oi_2": 3,
            "sky130_fd_sc_hd__a211o_2": 1103,
            "sky130_fd_sc_hd__a211oi_2": 939,
            "sky130_fd_sc_hd__a21bo_2": 652,
            "sky130_fd_sc_hd__a21boi_2": 140,
            "sky130_fd_sc_hd__a21o_2": 2409,
            "sky130_fd_sc_hd__a21oi_2": 1737,
            "sky130_fd_sc_hd__a221o_2": 1758,
            "sky130_fd_sc_hd__a221oi_2": 4,
            "sky130_fd_sc_hd__a22o_2": 3170,
            "sky130_fd_sc_hd__a22oi_2": 466,
            "sky130_fd_sc_hd__a2bb2o_2": 178,
            "sky130_fd_sc_hd__a2bb2oi_2": 23,
            "sky130_fd_sc_hd__a311o_2": 95,
            "sky130_fd_sc_hd__a311oi_2": 2,
            "sky130_fd_sc_hd__a31o_2": 791,
            "sky130_fd_sc_hd__a31oi_2": 165,
            "sky130_fd_sc_hd__a32o_2": 111,
            "sky130_fd_sc_hd__a32oi_2": 7,
            "sky130_fd_sc_hd__a41o_2": 14,
            "sky130_fd_sc_hd__a41oi_2": 1,
            "sky130_fd_sc_hd__and2_2": 1495,
            "sky130_fd_sc_hd__and2b_2": 1160,
            "sky130_fd_sc_hd__and3_2": 1518,
            "sky130_fd_sc_hd__and3b_2": 63,
            "sky130_fd_sc_hd__and4_2": 1070,
            "sky130_fd_sc_hd__and4b_2": 153,
            "sky130_fd_sc_hd__and4bb_2": 44,
            "sky130_fd_sc_hd__buf_2": 4,
            "sky130_fd_sc_hd__conb_1": 186,
            "sky130_fd_sc_hd__dfrtp_2": 1480,
            "sky130_fd_sc_hd__dfstp_2": 13,
            "sky130_fd_sc_hd__dfxtp_2": 6757,
            "sky130_fd_sc_hd__inv_2": 712,
            "sky130_fd_sc_hd__mux2_1": 8931,
            "sky130_fd_sc_hd__mux4_2": 619,
            "sky130_fd_sc_hd__nand2_2": 3189,
            "sky130_fd_sc_hd__nand2b_2": 896,
            "sky130_fd_sc_hd__nand3_2": 1635,
            "sky130_fd_sc_hd__nand3b_2": 54,
            "sky130_fd_sc_hd__nand4_2": 698,
            "sky130_fd_sc_hd__nand4b_2": 1,
            "sky130_fd_sc_hd__nor2_2": 2204,
            "sky130_fd_sc_hd__nor3_2": 442,
            "sky130_fd_sc_hd__nor3b_2": 32,
            "sky130_fd_sc_hd__nor4_2": 122,
            "sky130_fd_sc_hd__nor4b_2": 26,
            "sky130_fd_sc_hd__o2111a_2": 6,
            "sky130_fd_sc_hd__o2111ai_2": 2,
            "sky130_fd_sc_hd__o211a_2": 1557,
            "sky130_fd_sc_hd__o211ai_2": 569,
            "sky130_fd_sc_hd__o21a_2": 845,
            "sky130_fd_sc_hd__o21ai_2": 844,
            "sky130_fd_sc_hd__o21ba_2": 247,
            "sky130_fd_sc_hd__o21bai_2": 101,
            "sky130_fd_sc_hd__o221a_2": 719,
            "sky130_fd_sc_hd__o22a_2": 133,
            "sky130_fd_sc_hd__o22ai_2": 82,
            "sky130_fd_sc_hd__o2bb2a_2": 167,
            "sky130_fd_sc_hd__o2bb2ai_2": 2,
            "sky130_fd_sc_hd__o311a_2": 206,
            "sky130_fd_sc_hd__o311ai_2": 2,
            "sky130_fd_sc_hd__o31a_2": 99,
            "sky130_fd_sc_hd__o31ai_2": 18,
            "sky130_fd_sc_hd__o32a_2": 32,
            "sky130_fd_sc_hd__o32ai_2": 1,
            "sky130_fd_sc_hd__o41a_2": 8,
            "sky130_fd_sc_hd__o41ai_2": 1,
            "sky130_fd_sc_hd__or2_2": 1940,
            "sky130_fd_sc_hd__or3_2": 731,