{
   "creator": "Yosys 0.62 (git sha1 7326bb7d6641500ecb285c291a54a662cb1e76cf, clang++ 21.1.2 -fPIC -O3)",
   "invocation": "stat -json -liberty /home/auc/si-sprint26-project-nanonpu/Backend/openlane/runs/synexp/tmp/a2335851aeb3433e9d3c76316518755e.lib ",
   "modules": {
      "\\npu_project_macro": {
         "num_wires":         60961,
         "num_wire_bits":     61177,
         "num_pub_wires":     8349,
         "num_pub_wire_bits": 8565,
         "num_ports":         15,
         "num_port_bits":     231,
         "num_memories":      0,
         "num_memory_bits":   0,
         "num_processes":     0,
         "num_cells":         61136,
         "num_submodules":       0,
         "area":              715648.864000,
         "sequential_area":    182952.966400,
         "num_cells_by_type": {
            "sky130_fd_sc_hd__a2111o_2": 39,
            "sky130_fd_sc_hd__a2111oi_2": 2,
            "sky130_fd_sc_hd__a211o_2": 1085,
            "sky130_fd_sc_hd__a211oi_2": 818,
            "sky130_fd_sc_hd__a21bo_2": 450,
            "sky130_fd_sc_hd__a21boi_2": 112,
            "sky130_fd_sc_hd__a21o_2": 1906,
            "sky130_fd_sc_hd__a21oi_2": 1619,
            "sky130_fd_sc_hd__a221o_2": 1551,
            "sky130_fd_sc_hd__a221oi_2": 3,
            "sky130_fd_sc_hd__a22o_2": 2893,
            "sky130_fd_sc_hd__a22oi_2": 761,
            "sky130_fd_sc_hd__a2bb2o_2": 173,
            "sky130_fd_sc_hd__a2bb2oi_2": 3,
            "sky130_fd_sc_hd__a311o_2": 98,
            "sky130_fd_sc_hd__a311oi_2": 4,
            "sky130_fd_sc_hd__a31o_2": 645,
            "sky130_fd_sc_hd__a31oi_2": 162,
            "sky130_fd_sc_hd__a32o_2": 57,
            "sky130_fd_sc_hd__a32oi_2": 10,
            "sky130_fd_sc_hd__a41o_2": 11,
            "sky130_fd_sc_hd__and2_2": 1488,
            "sky130_fd_sc_hd__and2b_2": 1245,
            "sky130_fd_sc_hd__and3_2": 1355,
            "sky130_fd_sc_hd__and3b_2": 59,
            "sky130_fd_sc_hd__and4_2": 1169,
            "sky130_fd_sc_hd__and4b_2": 209,
            "sky130_fd_sc_hd__and4bb_2": 189,
            "sky130_fd_sc_hd__buf_2": 4,
            "sky130_fd_sc_hd__conb_1": 186,
            "sky130_fd_sc_hd__dfrtp_2": 1480,
            "sky130_fd_sc_hd__dfstp_2": 13,
            "sky130_fd_sc_hd__dfxtp_2": 6757,
            "sky130_fd_sc_hd__inv_2": 749,
            "sky130_fd_sc_hd__mux2_1": 9150,
            "sky130_fd_sc_hd__mux4_2": 619,
            "sky130_fd_sc_hd__nand2_2": 3421,
            "sky130_fd_sc_hd__nand2b_2": 887,
            "sky130_fd_sc_hd__nand3_2": 1156,
            "sky130_fd_sc_hd__nand3b_2": 68,
            "sky130_fd_sc_hd__nand4_2": 497,
            "sky130_fd_sc_hd__nor2_2": 2849,
            "sky130_fd_sc_hd__nor3_2": 606,
            "sky130_fd_sc_hd__nor3b_2": 38,
            "sky130_fd_sc_hd__nor4_2": 93,
            "sky130_fd_sc_hd__nor4b_2": 4,
            "sky130_fd_sc_hd__o2111a_2": 8,
            "sky130_fd_sc_hd__o2111ai_2": 2,
            "sky130_fd_sc_hd__o211a_2": 1584,
            "sky130_fd_sc_hd__o211ai_2": 534,
            "sky130_fd_sc_hd__o21a_2": 1050,
            "sky130_fd_sc_hd__o21ai_2": 1044,
            "sky130_fd_sc_hd__o21ba_2": 468,
            "sky130_fd_sc_hd__o21bai_2": 171,
            "sky130_fd_sc_hd__o221a_2": 308,
            "sky130_fd_sc_hd__o22a_2": 256,
            "sky130_fd_sc_hd__o22ai_2": 57,
            "sky130_fd_sc_hd__o2bb2a_2": 312,
            "sky130_fd_sc_hd__o2bb2ai_2": 2,
            "sky130_fd_sc_hd__o311a_2": 110,
            "sky130_fd_sc_hd__o31a_2": 128,
            "sky130_fd_sc_hd__o31ai_2": 24,
            "sky130_fd_sc_hd__o32a_2": 28,
            "sky130_fd_sc_hd__o32ai_2": 2,
            "sky130_fd_sc_hd__o41a_2": 6,
            "sky130_fd_sc_hd__o41ai_2": 2,
            "sky130_fd_sc_hd__or2_2": 2334,
            "sky130_fd_sc_hd__or3_2": 902,
            "sky130_fd_sc_hd__or3b_2": 90,
            "sky130_fd_sc_hd__or4_2": 134,
            "sky130_fd_sc_hd__or4b_2": 42,
            "sky130_fd_sc_hd__or4bb_2": 34,
            "sky130_fd_sc_hd__xnor2_2": 3845,
            "sky130_fd_sc_hd__xor2_2": 966
         }
      }
   },
      "design": {
         "num_wires":         60961,
         "num_wire_bits":     61177,
         "num_pub_wires":     8349,
         "num_pub_wire_bits": 8565,
         "num_ports":         15,
         "num_port_bits":     231,
         "num_memories":      0,
         "num_memory_bits":   0,
         "num_processes":     0,
         "num_cells":         61136,
         "num_submodules":       0,
         "area":              715648.864000,
         "sequential_area":    182952.966400,
         "num_cells_by_type": {
            "sky130_fd_sc_hd__a2111o_2": 39,
            "sky130_fd_sc_hd__a2111oi_2": 2,
            "sky130_fd_sc_hd__a211o_2": 1085,
            "sky130_fd_sc_hd__a211oi_2": 818,
            "sky130_fd_sc_hd__a21bo_2": 450,
            "sky130_fd_sc_hd__a21boi_2": 112,
            "sky130_fd_sc_hd__a21o_2": 1906,
            "sky130_fd_sc_hd__a21oi_2": 1619,
            "sky130_fd_sc_hd__a221o_2": 1551,
            "sky130_fd_sc_hd__a221oi_2": 3,
            "sky130_fd_sc_hd__a22o_2": 2893,
            "sky130_fd_sc_hd__a22oi_2": 761,
            "sky130_fd_sc_hd__a2bb2o_2": 173,
            "sky130_fd_sc_hd__a2bb2oi_2": 3,
            "sky130_fd_sc_hd__a311o_2": 98,
            "sky130_fd_sc_hd__a311oi_2": 4,
            "sky130_fd_sc_hd__a31o_2": 645,
            "sky130_fd_sc_hd__a31oi_2": 162,
            "sky130_fd_sc_hd__a32o_2": 57,
            "sky130_fd_sc_hd__a32oi_2": 10,
            "sky130_fd_sc_hd__a41o_2": 11,
            "sky130_fd_sc_hd__and2_2": 1488,
            "sky130_fd_sc_hd__and2b_2": 1245,
            "sky130_fd_sc_hd__and3_2": 1355,
            "sky130_fd_sc_hd__and3b_2": 59,
            "sky130_fd_sc_hd__and4_2": 1169,
            "sky130_fd_sc_hd__and4b_2": 209,
            "sky130_fd_sc_hd__and4bb_2": 189,
            "sky130_fd_sc_hd__buf_2": 4,
            "sky130_fd_sc_hd__conb_1": 186,
            "sky130_fd_sc_hd__dfrtp_2": 1480,
            "sky130_fd_sc_hd__dfstp_2": 13,
            "sky130_fd_sc_hd__dfxtp_2": 6757,
            "sky130_fd_sc_hd__inv_2": 749,
            "sky130_fd_sc_hd__mux2_1": 9150,
            "sky130_fd_sc_hd__mux4_2": 619,
            "sky130_fd_sc_hd__nand2_2": 3421,
            "sky130_fd_sc_hd__nand2b_2": 887,
            "sky130_fd_sc_hd__nand3_2": 1156,
            "sky130_fd_sc_hd__nand3b_2": 68,
            "sky130_fd_sc_hd__nand4_2": 497,
            "sky130_fd_sc_hd__nor2_2": 2849,
            "sky130_fd_sc_hd__nor3_2": 606,
            "sky130_fd_sc_hd__nor3b_2": 38,
            "sky130_fd_sc_hd__nor4_2": 93,
            "sky130_fd_sc_hd__nor4b_2": 4,
            "sky130_fd_sc_hd__o2111a_2": 8,
            "sky130_fd_sc_hd__o2111ai_2": 2,
            "sky130_fd_sc_hd__o211a_2": 1584,
            "sky130_fd_sc_hd__o211ai_2": 534,
            "sky130_fd_sc_hd__o21a_2": 1050,
            "sky130_fd_sc_hd__o21ai_2": 1044,
            "sky130_fd_sc_hd__o21ba_2": 468,
            "sky130_fd_sc_hd__o21bai_2": 171,
            "sky130_fd_sc_hd__o221a_2": 308,
            "sky130_fd_sc_hd__o22a_2": 256,
            "sky130_fd_sc_hd__o22ai_2": 57,
            "sky130_fd_sc_hd__o2bb2a_2": 312,
            "sky130_fd_sc_hd__o2bb2ai_2": 2,
            "sky130_fd_sc_hd__o311a_2": 110,
            "sky130_fd_sc_hd__o31a_2": 128,
            "sky130_fd_sc_hd__o31ai_2": 24,
            "sky130_fd_sc_hd__o32a_2": 28,
            "sky130_fd_sc_hd__o32ai_2": 2,
            "sky130_fd_sc_hd__o41a_2": 6,
            "sky130_fd_sc_hd__o41ai_2": 2,
            "sky130_fd_sc_hd__or2_2": 2334,
            "sky130_fd_sc_hd__or3_2": 902,
            "sky130_fd_sc_hd__or3b_2": 90,
            "sky130_fd_sc_hd__or4_2": 134,
            "sky130_fd_sc_hd__or4b_2": 42,
            "sky130_fd_sc_hd__or4bb_2": 34,
            "sky130_fd_sc_hd__xnor2_2": 3845,
            "sky130_fd_sc_hd__xor2_2": 966
         }
      }
}

