{
   "creator": "Yosys 0.62 (git sha1 7326bb7d6641500ecb285c291a54a662cb1e76cf, clang++ 21.1.2 -fPIC -O3)",
   "invocation": "stat -json -liberty /home/auc/si-sprint26-project-nanonpu/Backend/openlane/runs/synexp/tmp/a2335851aeb3433e9d3c76316518755e.lib ",
   "modules": {
      "\\npu_project_macro": {
         "num_wires":         86585,
         "num_wire_bits":     86801,
         "num_pub_wires":     8349,
         "num_pub_wire_bits": 8565,
         "num_ports":         15,
         "num_port_bits":     231,
         "num_memories":      0,
         "num_memory_bits":   0,
         "num_processes":     0,
         "num_cells":         86760,
         "num_submodules":       0,
         "area":              976679.212801,
         "sequential_area":    182952.966400,
         "num_cells_by_type": {
            "sky130_fd_sc_hd__a2111o_2": 38,
            "sky130_fd_sc_hd__a2111oi_2": 35,
            "sky130_fd_sc_hd__a211o_2": 1088,
            "sky130_fd_sc_hd__a211oi_2": 396,
            "sky130_fd_sc_hd__a21bo_2": 442,
            "sky130_fd_sc_hd__a21boi_2": 898,
            "sky130_fd_sc_hd__a21o_2": 2752,
            "sky130_fd_sc_hd__a21oi_2": 3777,
            "sky130_fd_sc_hd__a221o_2": 1841,
            "sky130_fd_sc_hd__a221oi_2": 75,
            "sky130_fd_sc_hd__a22o_2": 2542,
            "sky130_fd_sc_hd__a22oi_2": 681,
            "sky130_fd_sc_hd__a2bb2o_2": 480,
            "sky130_fd_sc_hd__a2bb2oi_2": 548,
            "sky130_fd_sc_hd__a311o_2": 320,
            "sky130_fd_sc_hd__a311oi_2": 38,
            "sky130_fd_sc_hd__a31o_2": 1425,
            "sky130_fd_sc_hd__a31oi_2": 665,
            "sky130_fd_sc_hd__a32o_2": 885,
            "sky130_fd_sc_hd__a32oi_2": 430,
            "sky130_fd_sc_hd__a41o_2": 89,
            "sky130_fd_sc_hd__a41oi_2": 20,
            "sky130_fd_sc_hd__and2_2": 488,
            "sky130_fd_sc_hd__and2b_2": 311,
            "sky130_fd_sc_hd__and3_2": 3750,
            "sky130_fd_sc_hd__and3b_2": 65,
            "sky130_fd_sc_hd__and4_2": 676,
            "sky130_fd_sc_hd__and4b_2": 159,
            "sky130_fd_sc_hd__and4bb_2": 165,
            "sky130_fd_sc_hd__buf_2": 4,
            "sky130_fd_sc_hd__conb_1": 186,
            "sky130_fd_sc_hd__dfrtp_2": 1480,
            "sky130_fd_sc_hd__dfstp_2": 13,
            "sky130_fd_sc_hd__dfxtp_2": 6757,
            "sky130_fd_sc_hd__inv_2": 1396,
            "sky130_fd_sc_hd__mux2_1": 7157,
            "sky130_fd_sc_hd__mux4_2": 434,
            "sky130_fd_sc_hd__nand2_2": 6868,
            "sky130_fd_sc_hd__nand2b_2": 309,
            "sky130_fd_sc_hd__nand3_2": 6722,
            "sky130_fd_sc_hd__nand3b_2": 488,
            "sky130_fd_sc_hd__nand4_2": 2230,
            "sky130_fd_sc_hd__nand4b_2": 83,
            "sky130_fd_sc_hd__nor2_2": 1701,
            "sky130_fd_sc_hd__nor3_2": 268,
            "sky130_fd_sc_hd__nor3b_2": 76,
            "sky130_fd_sc_hd__nor4_2": 120,
            "sky130_fd_sc_hd__nor4b_2": 9,
            "sky130_fd_sc_hd__o2111a_2": 135,
            "sky130_fd_sc_hd__o2111ai_2": 1457,
            "sky130_fd_sc_hd__o211a_2": 1870,
            "sky130_fd_sc_hd__o211ai_2": 4814,
            "sky130_fd_sc_hd__o21a_2": 1279,
            "sky130_fd_sc_hd__o21ai_2": 5357,
            "sky130_fd_sc_hd__o21ba_2": 178,
            "sky130_fd_sc_hd__o21bai_2": 310,
            "sky130_fd_sc_hd__o221a_2": 842,
            "sky130_fd_sc_hd__o221ai_2": 745,
            "sky130_fd_sc_hd__o22a_2": 957,
            "sky130_fd_sc_hd__o22ai_2": 633,
            "sky130_fd_sc_hd__o2bb2a_2": 537,
            "sky130_fd_sc_hd__o2bb2ai_2": 2456,
            "sky130_fd_sc_hd__o311a_2": 597,
            "sky130_fd_sc_hd__o311ai_2": 21,
            "sky130_fd_sc_hd__o31a_2": 320,
            "sky130_fd_sc_hd__o31ai_2": 61,
            "sky130_fd_sc_hd__o32a_2": 210,
            "sky130_fd_sc_hd__o32ai_2": 18,
            "sky130_fd_sc_hd__o41a_2": 27,
            "sky130_fd_sc_hd__o41ai_2": 8,
            "sky130_fd_sc_hd__or2_2": 553,
            "sky130_fd_sc_hd__or3_2": 657,
            "sky130_fd_sc_hd__or3b_2": 187,
            "sky130_fd_sc_hd__or4_2": 304,
            "sky130_fd_sc_hd__or4b_2": 65,
            "sky130_fd_sc_hd__or4bb_2": 113,
            "sky130_fd_sc_hd__xnor2_2": 290,
            "sky130_fd_sc_hd__xor2_2": 379
         }
      }
   },
      "design": {
         "num_wires":         86585,
         "num_wire_bits":     86801,
         "num_pub_wires":     8349,
         "num_pub_wire_bits": 8565,
         "num_ports":         15,
         "num_port_bits":     231,
         "num_memories":      0,
         "num_memory_bits":   0,
         "num_processes":     0,
         "num_cells":         86760,
         "num_submodules":       0,
         "area":              976679.212801,
         "sequential_area":    182952.966400,
         "num_cells_by_type": {
            "sky130_fd_sc_hd__a2111o_2": 38,
            "sky130_fd_sc_hd__a2111oi_2": 35,
            "sky130_fd_sc_hd__a211o_2": 1088,
            "sky130_fd_sc_hd__a211oi_2": 396,
            "sky130_fd_sc_hd__a21bo_2": 442,
            "sky130_fd_sc_hd__a21boi_2": 898,
            "sky130_fd_sc_hd__a21o_2": 2752,
            "sky130_fd_sc_hd__a21oi_2": 3777,
            "sky130_fd_sc_hd__a221o_2": 1841,
            "sky130_fd_sc_hd__a221oi_2": 75,
            "sky130_fd_sc_hd__a22o_2": 2542,
            "sky130_fd_sc_hd__a22oi_2": 681,
            "sky130_fd_sc_hd__a2bb2o_2": 480,
            "sky130_fd_sc_hd__a2bb2oi_2": 548,
            "sky130_fd_sc_hd__a311o_2": 320,
            "sky130_fd_sc_hd__a311oi_2": 38,
            "sky130_fd_sc_hd__a31o_2": 1425,
            "sky130_fd_sc_hd__a31oi_2": 665,
            "sky130_fd_sc_hd__a32o_2": 885,
            "sky130_fd_sc_hd__a32oi_2": 430,
            "sky130_fd_sc_hd__a41o_2": 89,
            "sky130_fd_sc_hd__a41oi_2": 20,
            "sky130_fd_sc_hd__and2_2": 488,
            "sky130_fd_sc_hd__and2b_2": 311,
            "sky130_fd_sc_hd__and3_2": 3750,
            "sky130_fd_sc_hd__and3b_2": 65,
            "sky130_fd_sc_hd__and4_2": 676,
            "sky130_fd_sc_hd__and4b_2": 159,
            "sky130_fd_sc_hd__and4bb_2": 165,
            "sky130_fd_sc_hd__buf_2": 4,
            "sky130_fd_sc_hd__conb_1": 186,
            "sky130_fd_sc_hd__dfrtp_2": 1480,
            "sky130_fd_sc_hd__dfstp_2": 13,
            "sky130_fd_sc_hd__dfxtp_2": 6757,
            "sky130_fd_sc_hd__inv_2": 1396,
            "sky130_fd_sc_hd__mux2_1": 7157,
            "sky130_fd_sc_hd__mux4_2": 434,
            "sky130_fd_sc_hd__nand2_2": 6868,
            "sky130_fd_sc_hd__nand2b_2": 309,
            "sky130_fd_sc_hd__nand3_2": 6722,
            "sky130_fd_sc_hd__nand3b_2": 488,
            "sky130_fd_sc_hd__nand4_2": 2230,
            "sky130_fd_sc_hd__nand4b_2": 83,
            "sky130_fd_sc_hd__nor2_2": 1701,
            "sky130_fd_sc_hd__nor3_2": 268,
            "sky130_fd_sc_hd__nor3b_2": 76,
            "sky130_fd_sc_hd__nor4_2": 120,
            "sky130_fd_sc_hd__nor4b_2": 9,
            "sky130_fd_sc_hd__o2111a_2": 135,
            "sky130_fd_sc_hd__o2111ai_2": 1457,
            "sky130_fd_sc_hd__o211a_2": 1870,
            "sky130_fd_sc_hd__o211ai_2": 4814,
            "sky130_fd_sc_hd__o21a_2": 1279,
            "sky130_fd_sc_hd__o21ai_2": 5357,
            "sky130_fd_sc_hd__o21ba_2": 178,
            "sky130_fd_sc_hd__o21bai_2": 310,
            "sky130_fd_sc_hd__o221a_2": 842,
            "sky130_fd_sc_hd__o221ai_2": 745,
            "sky130_fd_sc_hd__o22a_2": 957,
            "sky130_fd_sc_hd__o22ai_2": 633,
            "sky130_fd_sc_hd__o2bb2a_2": 537,
            "sky130_fd_sc_hd__o2bb2ai_2": 2456,
            "sky130_fd_sc_hd__o311a_2": 597,
            "sky130_fd_sc_hd__o311ai_2": 21,
            "sky130_fd_sc_hd__o31a_2": 320,
            "sky130_fd_sc_hd__o31ai_2": 61,
            "sky130_fd_sc_hd__o32a_2": 210,
            "sky130_fd_sc_hd__o32ai_2": 18,
            "sky130_fd_sc_hd__o41a_2": 27,